filepath,type,id,hog_features,glcm_features,predicted_type
../NEU-DET/train/images\scratches\scratches_33.jpg,scratches,33,[0.24258038 0.05186708 0.11990977 ... 0.17483005 0.         0.        ],"[3.83296482 5.07719502 2.30927136 4.91336077 1.14512563 1.45122598
 1.06022613 1.4514785  0.58888909 0.50736383 0.58630335 0.50537238
 0.08903546 0.07878747 0.08847557 0.07841491 0.98908873 0.98553229
 0.99347332 0.98599768]",inclusion
../NEU-DET/train/images\scratches\scratches_96.jpg,scratches,96,[0.25770782 0.24719391 0.16222989 ... 0.03965436 0.1253981  0.10677184],"[10.71213568 13.83081235  4.71324121 12.62185298  2.03158291  2.39923234
  1.49585427  2.31317391  0.43591952  0.38102441  0.49709941  0.39090735
  0.06468592  0.05902153  0.07142702  0.05990428  0.9814778   0.97611189
  0.99189094  0.97820047]",inclusion
../NEU-DET/train/images\scratches\scratches_149.jpg,scratches,149,[0.23708264 0.1455741  0.06514187 ... 0.075874   0.0719804  0.        ],"[15.71844221 17.36089998  5.22150754 20.96293023  2.0859799   2.33395621
  1.40366834  2.48708366  0.4771194   0.4235249   0.53210095  0.41532638
  0.07436832  0.06745734  0.07953233  0.06663516  0.98384041  0.98216289
  0.99462257  0.97846183]",inclusion
